areaName,date,cumCasesByPublishDate,newCasesByPublishDate,newCasesLFDConfirmedPCRBySpecimenDate,newCasesLFDOnlyBySpecimenDate
City of Edinburgh,2023-01-05,38461,0,-100,-100
City of Edinburgh,2023-01-04,38461,0,-100,-100
City of Edinburgh,2023-01-03,38461,0,-100,-100
City of Edinburgh,2023-01-02,38461,0,-100,-100
City of Edinburgh,2023-01-01,38461,0,-100,-100
City of Edinburgh,2022-12-31,38461,0,-100,-100
City of Edinburgh,2022-12-30,38461,0,-100,-100
City of Edinburgh,2022-12-29,38461,0,-100,-100
City of Edinburgh,2022-12-28,38461,0,-100,-100
City of Edinburgh,2022-12-27,38461,0,-100,-100
City of Edinburgh,2022-12-26,38461,0,-100,-100
City of Edinburgh,2022-12-25,38461,0,-100,-100
City of Edinburgh,2022-12-24,38461,0,-100,-100
City of Edinburgh,2022-12-23,38461,0,-100,-100
City of Edinburgh,2022-12-22,38461,0,-100,-100
City of Edinburgh,2022-12-21,38461,55,-100,-100
City of Edinburgh,2022-12-20,38405,0,-100,-100
City of Edinburgh,2022-12-19,38405,0,-100,-100
City of Edinburgh,2022-12-18,38405,0,0,5
City of Edinburgh,2022-12-17,38405,0,0,3
City of Edinburgh,2022-12-16,38405,0,0,4
City of Edinburgh,2022-12-15,38405,0,0,4
City of Edinburgh,2022-12-14,38405,50,0,4
City of Edinburgh,2022-12-13,38355,0,0,4
City of Edinburgh,2022-12-12,38355,0,0,5
City of Edinburgh,2022-12-11,38355,0,0,4
City of Edinburgh,2022-12-10,38355,0,0,2
City of Edinburgh,2022-12-09,38355,0,0,3
City of Edinburgh,2022-12-08,38355,0,0,3
City of Edinburgh,2022-12-07,38355,37,0,4
City of Edinburgh,2022-12-06,38318,0,0,4
City of Edinburgh,2022-12-05,38318,0,0,5
City of Edinburgh,2022-12-04,38318,0,0,4
City of Edinburgh,2022-12-03,38318,0,0,2
City of Edinburgh,2022-12-02,38318,0,0,3
City of Edinburgh,2022-12-01,38318,0,0,2
City of Edinburgh,2022-11-30,38318,33,0,3
City of Edinburgh,2022-11-29,38285,0,0,4
City of Edinburgh,2022-11-28,38285,0,0,3
City of Edinburgh,2022-11-27,38285,0,0,3
City of Edinburgh,2022-11-26,38285,0,0,1
City of Edinburgh,2022-11-25,38285,0,0,1
City of Edinburgh,2022-11-24,38285,0,0,4
City of Edinburgh,2022-11-23,38285,28,0,2
City of Edinburgh,2022-11-22,38257,0,0,3
City of Edinburgh,2022-11-21,38257,0,0,3
City of Edinburgh,2022-11-20,38257,0,0,3
City of Edinburgh,2022-11-19,38257,0,0,2
City of Edinburgh,2022-11-18,38257,0,0,1
City of Edinburgh,2022-11-17,38257,0,0,3
City of Edinburgh,2022-11-16,38257,37,0,1
City of Edinburgh,2022-11-15,38219,0,0,3
City of Edinburgh,2022-11-14,38219,0,0,3
City of Edinburgh,2022-11-13,38219,0,0,2
City of Edinburgh,2022-11-12,38219,0,0,3
City of Edinburgh,2022-11-11,38219,0,0,3
City of Edinburgh,2022-11-10,38219,0,0,3
City of Edinburgh,2022-11-09,38219,38,0,2
City of Edinburgh,2022-11-08,38180,0,0,3
City of Edinburgh,2022-11-07,38180,0,0,5
City of Edinburgh,2022-11-06,38180,0,0,2
City of Edinburgh,2022-11-05,38180,0,0,3
City of Edinburgh,2022-11-04,38180,0,0,3
City of Edinburgh,2022-11-03,38180,0,0,3
City of Edinburgh,2022-11-02,38180,50,0,4
City of Edinburgh,2022-11-01,38129,0,0,3
City of Edinburgh,2022-10-31,38129,0,0,5
City of Edinburgh,2022-10-30,38129,0,0,4
City of Edinburgh,2022-10-29,38129,0,0,3
City of Edinburgh,2022-10-28,38129,0,0,4
City of Edinburgh,2022-10-27,38129,0,0,3
City of Edinburgh,2022-10-26,38129,57,0,4
City of Edinburgh,2022-10-25,38072,0,0,4
City of Edinburgh,2022-10-24,38072,0,0,7
City of Edinburgh,2022-10-23,38072,0,0,4
City of Edinburgh,2022-10-22,38072,0,0,3
City of Edinburgh,2022-10-21,38072,0,0,3
City of Edinburgh,2022-10-20,38072,0,0,6
City of Edinburgh,2022-10-19,38072,59,0,6
City of Edinburgh,2022-10-18,38012,0,0,8
City of Edinburgh,2022-10-17,38012,0,0,7
City of Edinburgh,2022-10-16,38012,0,0,4
City of Edinburgh,2022-10-15,38012,0,0,4
City of Edinburgh,2022-10-14,38012,0,0,5
City of Edinburgh,2022-10-13,38012,0,0,6
City of Edinburgh,2022-10-12,38012,70,0,7
City of Edinburgh,2022-10-11,37942,0,0,6
City of Edinburgh,2022-10-10,37942,0,0,7
City of Edinburgh,2022-10-09,37942,0,0,5
City of Edinburgh,2022-10-08,37942,0,0,5
City of Edinburgh,2022-10-07,37942,0,0,6
City of Edinburgh,2022-10-06,37942,0,0,8
City of Edinburgh,2022-10-05,37942,64,0,8
City of Edinburgh,2022-10-04,37878,0,0,7
City of Edinburgh,2022-10-03,37878,0,0,9
City of Edinburgh,2022-10-02,37878,0,0,6
City of Edinburgh,2022-10-01,37878,0,0,5
City of Edinburgh,2022-09-30,37878,0,0,7
City of Edinburgh,2022-09-29,37878,0,0,4
City of Edinburgh,2022-09-28,37878,63,0,7
City of Edinburgh,2022-09-27,37814,0,0,6
City of Edinburgh,2022-09-26,37814,0,1,6
City of Edinburgh,2022-09-25,37814,0,0,8
City of Edinburgh,2022-09-24,37814,0,0,3
City of Edinburgh,2022-09-23,37814,0,0,6
City of Edinburgh,2022-09-22,37814,50,0,5
City of Edinburgh,2022-09-21,37764,0,0,7
City of Edinburgh,2022-09-20,37764,0,0,7
City of Edinburgh,2022-09-19,37764,0,0,5
City of Edinburgh,2022-09-18,37764,0,0,5
City of Edinburgh,2022-09-17,37764,0,0,5
City of Edinburgh,2022-09-16,37764,0,0,3
City of Edinburgh,2022-09-15,37764,0,0,5
City of Edinburgh,2022-09-14,37764,62,0,6
City of Edinburgh,2022-09-13,37701,0,0,4
City of Edinburgh,2022-09-12,37701,0,0,5
City of Edinburgh,2022-09-11,37701,0,0,4
City of Edinburgh,2022-09-10,37701,0,0,3
City of Edinburgh,2022-09-09,37701,0,0,5
City of Edinburgh,2022-09-08,37701,0,0,6
City of Edinburgh,2022-09-07,37701,83,0,6
City of Edinburgh,2022-09-06,37618,0,0,7
City of Edinburgh,2022-09-05,37618,0,0,10
City of Edinburgh,2022-09-04,37618,0,0,4
City of Edinburgh,2022-09-03,37618,0,0,6
City of Edinburgh,2022-09-02,37618,0,0,8
City of Edinburgh,2022-09-01,37618,0,0,9
City of Edinburgh,2022-08-31,37618,88,0,10
City of Edinburgh,2022-08-30,37530,0,0,11
City of Edinburgh,2022-08-29,37530,0,0,12
City of Edinburgh,2022-08-28,37530,0,1,7
City of Edinburgh,2022-08-27,37530,0,0,7
City of Edinburgh,2022-08-26,37530,0,0,8
City of Edinburgh,2022-08-25,37530,0,0,10
City of Edinburgh,2022-08-24,37530,90,0,11
City of Edinburgh,2022-08-23,37439,0,0,8
City of Edinburgh,2022-08-22,37439,0,1,10
City of Edinburgh,2022-08-21,37439,0,1,9
City of Edinburgh,2022-08-20,37439,0,0,8
City of Edinburgh,2022-08-19,37439,0,0,6
City of Edinburgh,2022-08-18,37439,0,0,10
City of Edinburgh,2022-08-17,37439,91,1,9
City of Edinburgh,2022-08-16,37347,0,0,8
City of Edinburgh,2022-08-15,37347,0,0,11
City of Edinburgh,2022-08-14,37347,0,0,11
City of Edinburgh,2022-08-13,37347,0,0,5
City of Edinburgh,2022-08-12,37347,0,0,8
City of Edinburgh,2022-08-11,37347,0,1,9
City of Edinburgh,2022-08-10,37347,95,0,9
City of Edinburgh,2022-08-09,37251,0,1,9
City of Edinburgh,2022-08-08,37251,0,0,13
City of Edinburgh,2022-08-07,37251,0,0,9
City of Edinburgh,2022-08-06,37251,0,0,5
City of Edinburgh,2022-08-05,37251,0,0,8
City of Edinburgh,2022-08-04,37251,0,0,10
City of Edinburgh,2022-08-03,37251,121,0,9
City of Edinburgh,2022-08-02,37130,0,1,10
City of Edinburgh,2022-08-01,37130,0,0,13
City of Edinburgh,2022-07-31,37130,0,0,10
City of Edinburgh,2022-07-30,37130,0,0,10
City of Edinburgh,2022-07-29,37130,0,0,10
City of Edinburgh,2022-07-28,37130,0,0,12
City of Edinburgh,2022-07-27,37130,159,0,14
City of Edinburgh,2022-07-26,36970,0,1,14
City of Edinburgh,2022-07-25,36970,0,1,16
City of Edinburgh,2022-07-24,36970,0,0,12
City of Edinburgh,2022-07-23,36970,0,0,14
City of Edinburgh,2022-07-22,36970,0,1,14
City of Edinburgh,2022-07-21,36970,0,1,14
City of Edinburgh,2022-07-20,36970,248,1,21
City of Edinburgh,2022-07-19,36722,0,1,18
City of Edinburgh,2022-07-18,36722,0,1,18
City of Edinburgh,2022-07-17,36722,0,1,22
City of Edinburgh,2022-07-16,36722,0,1,21
City of Edinburgh,2022-07-15,36722,0,1,22
City of Edinburgh,2022-07-14,36722,0,1,24
City of Edinburgh,2022-07-13,36722,354,2,27
City of Edinburgh,2022-07-12,36367,0,2,32
City of Edinburgh,2022-07-11,36367,0,2,30
City of Edinburgh,2022-07-10,36367,0,1,31
City of Edinburgh,2022-07-09,36367,0,3,25
City of Edinburgh,2022-07-08,36367,0,1,33
City of Edinburgh,2022-07-07,36367,0,1,33
City of Edinburgh,2022-07-06,36367,473,1,39
City of Edinburgh,2022-07-05,35894,0,2,43
City of Edinburgh,2022-07-04,35894,0,3,46
City of Edinburgh,2022-07-03,35894,0,2,42
City of Edinburgh,2022-07-02,35894,0,2,37
City of Edinburgh,2022-07-01,35894,0,2,44
City of Edinburgh,2022-06-30,35894,0,2,38
City of Edinburgh,2022-06-29,35894,310,2,43
City of Edinburgh,2022-06-28,35583,0,3,45
City of Edinburgh,2022-06-27,35583,0,3,48
City of Edinburgh,2022-06-26,35583,0,2,42
City of Edinburgh,2022-06-25,35583,0,2,34
City of Edinburgh,2022-06-24,35583,0,2,41
City of Edinburgh,2022-06-23,35583,0,3,44
City of Edinburgh,2022-06-22,35583,323,4,51
City of Edinburgh,2022-06-21,35260,0,4,52
City of Edinburgh,2022-06-20,35260,0,4,50
City of Edinburgh,2022-06-19,35260,0,1,44
City of Edinburgh,2022-06-18,35260,0,1,30
City of Edinburgh,2022-06-17,35260,0,1,32
City of Edinburgh,2022-06-16,35260,0,1,35
City of Edinburgh,2022-06-15,35260,259,3,37
City of Edinburgh,2022-06-14,35000,0,2,34
City of Edinburgh,2022-06-13,35000,0,2,37
City of Edinburgh,2022-06-12,35000,0,2,31
City of Edinburgh,2022-06-11,35000,0,2,28
City of Edinburgh,2022-06-10,35000,0,1,28
City of Edinburgh,2022-06-09,35000,0,2,28
City of Edinburgh,2022-06-08,35000,98,2,29
City of Edinburgh,2022-06-07,34902,0,3,33
City of Edinburgh,2022-06-06,34902,0,1,30
City of Edinburgh,2022-06-05,34902,0,2,24
City of Edinburgh,2022-06-04,34902,0,1,20
City of Edinburgh,2022-06-03,34902,0,0,18
City of Edinburgh,2022-06-02,34902,77,2,18
City of Edinburgh,2022-06-01,34824,0,1,23
City of Edinburgh,2022-05-31,34824,0,1,21
City of Edinburgh,2022-05-30,34824,76,1,19
City of Edinburgh,2022-05-29,34748,0,1,17
City of Edinburgh,2022-05-28,34748,0,1,14
City of Edinburgh,2022-05-27,34748,0,0,15
City of Edinburgh,2022-05-26,34748,0,1,17
City of Edinburgh,2022-05-25,36234,0,0,16
City of Edinburgh,2022-05-24,36234,0,1,18
City of Edinburgh,2022-05-23,36234,1233,1,17
City of Edinburgh,2022-05-22,35000,0,1,15
City of Edinburgh,2022-05-21,35000,0,1,12
City of Edinburgh,2022-05-20,35000,0,0,11
City of Edinburgh,2022-05-19,35000,258,0,13
City of Edinburgh,2022-05-18,34741,0,1,14
City of Edinburgh,2022-05-17,34741,0,1,21
City of Edinburgh,2022-05-16,34741,222,0,17
City of Edinburgh,2022-05-15,34518,0,1,15
City of Edinburgh,2022-05-14,34518,0,1,12
City of Edinburgh,2022-05-13,34518,0,1,13
City of Edinburgh,2022-05-12,34518,94,0,13
City of Edinburgh,2022-05-11,34423,0,1,13
City of Edinburgh,2022-05-10,34423,0,1,17
City of Edinburgh,2022-05-09,34423,86,2,17
City of Edinburgh,2022-05-08,34337,0,1,13
City of Edinburgh,2022-05-07,34337,0,1,13
City of Edinburgh,2022-05-06,34337,23,2,16
City of Edinburgh,2022-05-05,34314,35,1,15
City of Edinburgh,2022-05-04,34278,29,2,17
City of Edinburgh,2022-05-03,34249,101,0,17
City of Edinburgh,2022-05-02,34147,0,2,15
City of Edinburgh,2022-05-01,34147,0,1,14
City of Edinburgh,2022-04-30,34147,0,3,12
City of Edinburgh,2022-04-29,34147,45,3,14
City of Edinburgh,2022-04-28,34102,48,5,17
City of Edinburgh,2022-04-27,34053,50,9,21
City of Edinburgh,2022-04-26,34002,57,7,19
City of Edinburgh,2022-04-25,33944,158,7,25
City of Edinburgh,2022-04-24,33785,0,7,24
City of Edinburgh,2022-04-23,33785,0,5,18
City of Edinburgh,2022-04-22,33785,140,7,25
City of Edinburgh,2022-04-21,33645,0,7,26
City of Edinburgh,2022-04-20,33645,80,9,29
City of Edinburgh,2022-04-19,33565,381,10,34
City of Edinburgh,2022-04-18,33183,0,12,34
City of Edinburgh,2022-04-17,33183,0,6,35
City of Edinburgh,2022-04-16,33183,0,10,29
City of Edinburgh,2022-04-15,33183,0,8,32
City of Edinburgh,2022-04-14,33183,74,8,39
City of Edinburgh,2022-04-13,33108,109,13,44
City of Edinburgh,2022-04-12,32999,129,17,51
City of Edinburgh,2022-04-11,32870,242,13,44
City of Edinburgh,2022-04-10,32628,0,13,38
City of Edinburgh,2022-04-09,32628,0,11,40
City of Edinburgh,2022-04-08,32628,122,10,40
City of Edinburgh,2022-04-07,32505,126,17,52
City of Edinburgh,2022-04-06,32378,150,19,52
City of Edinburgh,2022-04-05,32227,115,21,69
City of Edinburgh,2022-04-04,32111,315,17,63
City of Edinburgh,2022-04-03,31796,0,18,52
City of Edinburgh,2022-04-02,31796,0,12,42
City of Edinburgh,2022-04-01,31796,120,16,40
City of Edinburgh,2022-03-31,31675,167,16,57
City of Edinburgh,2022-03-30,31507,170,21,69
City of Edinburgh,2022-03-29,31337,176,23,74
City of Edinburgh,2022-03-28,31160,430,23,84
City of Edinburgh,2022-03-27,30730,0,18,74
City of Edinburgh,2022-03-26,30730,0,19,64
City of Edinburgh,2022-03-25,30730,173,21,69
City of Edinburgh,2022-03-24,30556,240,29,85
City of Edinburgh,2022-03-23,30316,204,33,97
City of Edinburgh,2022-03-22,30112,209,34,102
City of Edinburgh,2022-03-21,29902,473,34,108
City of Edinburgh,2022-03-20,29429,0,25,92
City of Edinburgh,2022-03-19,29429,0,22,77
City of Edinburgh,2022-03-18,29429,345,24,73
City of Edinburgh,2022-03-17,29083,160,29,91
City of Edinburgh,2022-03-16,28923,169,38,103
City of Edinburgh,2022-03-15,28753,775,38,118
City of Edinburgh,2022-03-14,27978,0,34,114
City of Edinburgh,2022-03-13,27978,0,26,104
City of Edinburgh,2022-03-12,27978,0,28,83
City of Edinburgh,2022-03-11,27978,226,25,77
City of Edinburgh,2022-03-10,27751,379,32,100
City of Edinburgh,2022-03-09,27372,199,36,99
City of Edinburgh,2022-03-08,27173,188,35,102
City of Edinburgh,2022-03-07,26985,382,34,100
City of Edinburgh,2022-03-06,26603,0,26,80
City of Edinburgh,2022-03-05,26603,0,19,56
City of Edinburgh,2022-03-04,26603,153,20,60
City of Edinburgh,2022-03-03,26449,147,25,68
City of Edinburgh,2022-03-02,26302,133,25,64
City of Edinburgh,2022-03-01,26169,1136,31,57
City of Edinburgh,2022-02-28,25033,271,27,66
City of Edinburgh,2022-02-27,24761,0,18,46
City of Edinburgh,2022-02-26,24761,0,18,43
City of Edinburgh,2022-02-25,24761,87,14,44
City of Edinburgh,2022-02-24,24674,123,14,43
City of Edinburgh,2022-02-23,24550,121,20,50
City of Edinburgh,2022-02-22,24428,109,22,53
City of Edinburgh,2022-02-21,24319,297,26,50
City of Edinburgh,2022-02-20,24022,0,18,55
City of Edinburgh,2022-02-19,24022,0,14,45
City of Edinburgh,2022-02-18,24022,127,20,42
City of Edinburgh,2022-02-17,23894,124,18,54
City of Edinburgh,2022-02-16,23769,135,29,56
City of Edinburgh,2022-02-15,23634,110,24,62
City of Edinburgh,2022-02-14,23523,341,19,58
City of Edinburgh,2022-02-13,23181,0,18,53
City of Edinburgh,2022-02-12,23181,0,20,44
City of Edinburgh,2022-02-11,23181,161,21,61
City of Edinburgh,2022-02-10,23019,2058,25,66
City of Edinburgh,2022-02-09,20961,85,36,79
City of Edinburgh,2022-02-08,20876,61,34,86
City of Edinburgh,2022-02-07,20814,216,31,72
City of Edinburgh,2022-02-06,20597,0,24,77
City of Edinburgh,2022-02-05,20597,0,21,60
City of Edinburgh,2022-02-04,20597,103,22,61
City of Edinburgh,2022-02-03,20494,224,29,69
City of Edinburgh,2022-02-02,20270,0,35,89
City of Edinburgh,2022-02-01,20270,63,34,83
City of Edinburgh,2022-01-31,20206,188,32,84
City of Edinburgh,2022-01-30,20018,0,25,73
City of Edinburgh,2022-01-29,20018,0,16,58
City of Edinburgh,2022-01-28,20018,88,21,55
City of Edinburgh,2022-01-27,19929,84,23,62
City of Edinburgh,2022-01-26,19844,96,24,73
City of Edinburgh,2022-01-25,19748,70,25,71
City of Edinburgh,2022-01-24,19677,190,27,76
City of Edinburgh,2022-01-23,19487,0,22,73
City of Edinburgh,2022-01-22,19487,0,22,52
City of Edinburgh,2022-01-21,19487,84,17,54
City of Edinburgh,2022-01-20,19402,83,21,51
City of Edinburgh,2022-01-19,19319,98,21,61
City of Edinburgh,2022-01-18,19221,68,24,60
City of Edinburgh,2022-01-17,19152,216,29,55
City of Edinburgh,2022-01-16,18936,0,21,51
City of Edinburgh,2022-01-15,18936,0,21,46
City of Edinburgh,2022-01-14,18936,125,21,34
City of Edinburgh,2022-01-13,18810,97,22,38
City of Edinburgh,2022-01-12,18713,148,25,42
City of Edinburgh,2022-01-11,18564,180,30,38
City of Edinburgh,2022-01-10,18384,518,35,38
City of Edinburgh,2022-01-09,17865,0,26,34
City of Edinburgh,2022-01-08,17865,0,25,37
City of Edinburgh,2022-01-07,17865,245,29,34
City of Edinburgh,2022-01-06,17620,213,34,35
City of Edinburgh,2022-01-05,17406,1299,57,16
City of Edinburgh,2022-01-04,16107,0,-100,-100
City of Edinburgh,2022-01-03,16107,0,-100,-100
City of Edinburgh,2022-01-02,16107,0,-100,-100
City of Edinburgh,2022-01-01,16107,0,-100,-100
City of Edinburgh,2021-12-31,16107,248,-100,-100
City of Edinburgh,2021-12-30,15858,243,-100,-100
City of Edinburgh,2021-12-29,15615,1157,-100,-100
City of Edinburgh,2021-12-28,14458,0,-100,-100
City of Edinburgh,2021-12-27,14458,0,-100,-100
City of Edinburgh,2021-12-26,14458,0,-100,-100
City of Edinburgh,2021-12-25,14458,0,-100,-100
City of Edinburgh,2021-12-24,14458,154,-100,-100
City of Edinburgh,2021-12-23,14303,220,-100,-100
City of Edinburgh,2021-12-22,14083,79,-100,-100
City of Edinburgh,2021-12-21,14004,121,-100,-100
City of Edinburgh,2021-12-20,13882,490,-100,-100
City of Edinburgh,2021-12-19,13392,0,-100,-100
City of Edinburgh,2021-12-18,13392,0,-100,-100
City of Edinburgh,2021-12-17,13392,100,-100,-100
City of Edinburgh,2021-12-16,13292,126,-100,-100
City of Edinburgh,2021-12-15,13165,123,-100,-100
City of Edinburgh,2021-12-14,13042,63,-100,-100
City of Edinburgh,2021-12-13,12978,222,-100,-100
City of Edinburgh,2021-12-12,12756,0,-100,-100
City of Edinburgh,2021-12-11,12756,0,-100,-100
City of Edinburgh,2021-12-10,12756,97,-100,-100
City of Edinburgh,2021-12-09,12658,49,-100,-100
City of Edinburgh,2021-12-08,12609,44,-100,-100
City of Edinburgh,2021-12-07,12564,51,-100,-100
City of Edinburgh,2021-12-06,12513,74,-100,-100
City of Edinburgh,2021-12-05,12439,43,-100,-100
City of Edinburgh,2021-12-04,12395,25,-100,-100
City of Edinburgh,2021-12-03,12370,45,-100,-100
City of Edinburgh,2021-12-02,12324,38,-100,-100
City of Edinburgh,2021-12-01,12285,52,-100,-100
City of Edinburgh,2021-11-30,12233,44,-100,-100
City of Edinburgh,2021-11-29,12189,36,-100,-100
City of Edinburgh,2021-11-28,12152,39,-100,-100
City of Edinburgh,2021-11-27,12113,43,-100,-100
City of Edinburgh,2021-11-26,12069,52,-100,-100
City of Edinburgh,2021-11-25,12016,50,-100,-100
City of Edinburgh,2021-11-24,11966,52,-100,-100
City of Edinburgh,2021-11-23,11913,47,-100,-100
City of Edinburgh,2021-11-22,11866,39,-100,-100
City of Edinburgh,2021-11-21,11827,36,-100,-100
City of Edinburgh,2021-11-20,11790,42,-100,-100
City of Edinburgh,2021-11-19,11748,49,-100,-100
City of Edinburgh,2021-11-18,11698,61,-100,-100
City of Edinburgh,2021-11-17,11637,54,-100,-100
City of Edinburgh,2021-11-16,11583,39,-100,-100
City of Edinburgh,2021-11-15,11543,39,-100,-100
City of Edinburgh,2021-11-14,11504,44,-100,-100
City of Edinburgh,2021-11-13,11459,43,-100,-100
City of Edinburgh,2021-11-12,11416,38,-100,-100
City of Edinburgh,2021-11-11,11377,50,-100,-100
City of Edinburgh,2021-11-10,11327,49,-100,-100
City of Edinburgh,2021-11-09,11278,30,-100,-100
City of Edinburgh,2021-11-08,11247,21,-100,-100
City of Edinburgh,2021-11-07,11225,34,-100,-100
City of Edinburgh,2021-11-06,11190,36,-100,-100
City of Edinburgh,2021-11-05,11154,32,-100,-100
City of Edinburgh,2021-11-04,11121,33,-100,-100
City of Edinburgh,2021-11-03,11088,42,-100,-100
City of Edinburgh,2021-11-02,11045,26,-100,-100
City of Edinburgh,2021-11-01,11019,112,-100,-100
City of Edinburgh,2021-10-31,10906,0,-100,-100
City of Edinburgh,2021-10-30,10906,0,-100,-100
City of Edinburgh,2021-10-29,10906,47,-100,-100
City of Edinburgh,2021-10-28,10859,23,-100,-100
City of Edinburgh,2021-10-27,10835,36,-100,-100
City of Edinburgh,2021-10-26,10798,42,-100,-100
City of Edinburgh,2021-10-25,10756,36,-100,-100
City of Edinburgh,2021-10-24,10720,30,-100,-100
City of Edinburgh,2021-10-23,10689,33,-100,-100
City of Edinburgh,2021-10-22,10655,35,-100,-100
City of Edinburgh,2021-10-21,10620,34,-100,-100
City of Edinburgh,2021-10-20,10586,34,-100,-100
City of Edinburgh,2021-10-19,10551,31,-100,-100
City of Edinburgh,2021-10-18,10520,23,-100,-100
City of Edinburgh,2021-10-17,10497,35,-100,-100
City of Edinburgh,2021-10-16,10462,37,-100,-100
City of Edinburgh,2021-10-15,10424,37,-100,-100
City of Edinburgh,2021-10-14,10387,33,-100,-100
City of Edinburgh,2021-10-13,10353,36,-100,-100
City of Edinburgh,2021-10-12,10317,36,-100,-100
City of Edinburgh,2021-10-11,10281,32,-100,-100
City of Edinburgh,2021-10-10,10248,36,-100,-100
City of Edinburgh,2021-10-09,10211,31,-100,-100
City of Edinburgh,2021-10-08,10180,33,-100,-100
City of Edinburgh,2021-10-07,10146,38,-100,-100
City of Edinburgh,2021-10-06,10108,37,-100,-100
City of Edinburgh,2021-10-05,10070,21,-100,-100
City of Edinburgh,2021-10-04,10049,20,-100,-100
City of Edinburgh,2021-10-03,10028,21,-100,-100
City of Edinburgh,2021-10-02,10007,31,-100,-100
City of Edinburgh,2021-10-01,9975,35,-100,-100
City of Edinburgh,2021-09-30,9940,27,-100,-100
City of Edinburgh,2021-09-29,9912,35,-100,-100
City of Edinburgh,2021-09-28,9876,34,-100,-100
City of Edinburgh,2021-09-27,9842,30,-100,-100
City of Edinburgh,2021-09-26,9811,34,-100,-100
City of Edinburgh,2021-09-25,9776,37,-100,-100
City of Edinburgh,2021-09-24,9738,52,-100,-100
City of Edinburgh,2021-09-23,9686,54,-100,-100
City of Edinburgh,2021-09-22,9631,39,-100,-100
City of Edinburgh,2021-09-21,9592,41,-100,-100
City of Edinburgh,2021-09-20,9551,38,-100,-100
City of Edinburgh,2021-09-19,9513,48,-100,-100
City of Edinburgh,2021-09-18,9464,89,-100,-100
City of Edinburgh,2021-09-17,9374,80,-100,-100
City of Edinburgh,2021-09-16,9293,0,-100,-100
City of Edinburgh,2021-09-15,9293,67,-100,-100
City of Edinburgh,2021-09-14,9225,58,-100,-100
City of Edinburgh,2021-09-13,9167,72,-100,-100
City of Edinburgh,2021-09-12,9095,164,-100,-100
City of Edinburgh,2021-09-11,8930,0,-100,-100
City of Edinburgh,2021-09-10,8930,104,-100,-100
City of Edinburgh,2021-09-09,8825,113,-100,-100
City of Edinburgh,2021-09-08,8712,86,-100,-100
City of Edinburgh,2021-09-07,8625,101,-100,-100
City of Edinburgh,2021-09-06,8524,132,-100,-100
City of Edinburgh,2021-09-05,8392,115,-100,-100
City of Edinburgh,2021-09-04,8277,88,-100,-100
City of Edinburgh,2021-09-03,8188,83,-100,-100
City of Edinburgh,2021-09-02,8104,117,-100,-100
City of Edinburgh,2021-09-01,7987,113,-100,-100
City of Edinburgh,2021-08-31,7874,101,-100,-100
City of Edinburgh,2021-08-30,7773,70,-100,-100
City of Edinburgh,2021-08-29,7702,130,-100,-100
City of Edinburgh,2021-08-28,7572,91,-100,-100
City of Edinburgh,2021-08-27,7481,133,-100,-100
City of Edinburgh,2021-08-26,7347,80,-100,-100
City of Edinburgh,2021-08-25,7266,101,-100,-100
City of Edinburgh,2021-08-24,7165,87,-100,-100
City of Edinburgh,2021-08-23,7077,58,-100,-100
City of Edinburgh,2021-08-22,7018,69,-100,-100
City of Edinburgh,2021-08-21,6949,72,-100,-100
City of Edinburgh,2021-08-20,6877,80,-100,-100
City of Edinburgh,2021-08-19,6796,65,-100,-100
City of Edinburgh,2021-08-18,6730,52,-100,-100
City of Edinburgh,2021-08-17,6678,39,-100,-100
City of Edinburgh,2021-08-16,6638,31,-100,-100
City of Edinburgh,2021-08-15,6607,25,-100,-100
City of Edinburgh,2021-08-14,6582,23,-100,-100
City of Edinburgh,2021-08-13,6558,23,-100,-100
City of Edinburgh,2021-08-12,6535,24,-100,-100
City of Edinburgh,2021-08-11,6511,29,-100,-100
City of Edinburgh,2021-08-10,6482,21,-100,-100
City of Edinburgh,2021-08-09,6460,19,-100,-100
City of Edinburgh,2021-08-08,6441,17,-100,-100
City of Edinburgh,2021-08-07,6423,25,-100,-100
City of Edinburgh,2021-08-06,6398,20,-100,-100
City of Edinburgh,2021-08-05,6377,26,-100,-100
City of Edinburgh,2021-08-04,6351,20,-100,-100
City of Edinburgh,2021-08-03,6331,22,-100,-100
City of Edinburgh,2021-08-02,6308,14,-100,-100
City of Edinburgh,2021-08-01,6293,33,-100,-100
City of Edinburgh,2021-07-31,6260,0,-100,-100
City of Edinburgh,2021-07-30,6260,24,-100,-100
City of Edinburgh,2021-07-29,6236,25,-100,-100
City of Edinburgh,2021-07-28,6211,8,-100,-100
City of Edinburgh,2021-07-27,6202,14,-100,-100
City of Edinburgh,2021-07-26,6188,20,-100,-100
City of Edinburgh,2021-07-25,6167,23,-100,-100
City of Edinburgh,2021-07-24,6144,23,-100,-100
City of Edinburgh,2021-07-23,6120,29,-100,-100
City of Edinburgh,2021-07-22,6090,39,-100,-100
City of Edinburgh,2021-07-21,6051,32,-100,-100
City of Edinburgh,2021-07-20,6019,34,-100,-100
City of Edinburgh,2021-07-19,5985,41,-100,-100
City of Edinburgh,2021-07-18,5944,39,-100,-100
City of Edinburgh,2021-07-17,5905,46,-100,-100
City of Edinburgh,2021-07-16,5858,54,-100,-100
City of Edinburgh,2021-07-15,5803,44,-100,-100
City of Edinburgh,2021-07-14,5759,58,-100,-100
City of Edinburgh,2021-07-13,5700,67,-100,-100
City of Edinburgh,2021-07-12,5633,52,-100,-100
City of Edinburgh,2021-07-11,5580,43,-100,-100
City of Edinburgh,2021-07-10,5537,58,-100,-100
City of Edinburgh,2021-07-09,5478,77,-100,-100
City of Edinburgh,2021-07-08,5400,67,-100,-100
City of Edinburgh,2021-07-07,5333,95,-100,-100
City of Edinburgh,2021-07-06,5238,53,-100,-100
City of Edinburgh,2021-07-05,5184,69,-100,-100
City of Edinburgh,2021-07-04,5115,62,-100,-100
City of Edinburgh,2021-07-03,5053,78,-100,-100
City of Edinburgh,2021-07-02,4974,89,-100,-100
City of Edinburgh,2021-07-01,4884,111,-100,-100
City of Edinburgh,2021-06-30,4772,96,-100,-100
City of Edinburgh,2021-06-29,4676,86,-100,-100
City of Edinburgh,2021-06-28,4590,94,-100,-100
City of Edinburgh,2021-06-27,4496,79,-100,-100
City of Edinburgh,2021-06-26,4416,102,-100,-100
City of Edinburgh,2021-06-25,4314,26,-100,-100
City of Edinburgh,2021-06-24,4287,100,-100,-100
City of Edinburgh,2021-06-23,4187,95,-100,-100
City of Edinburgh,2021-06-22,4091,61,-100,-100
City of Edinburgh,2021-06-21,4030,47,-100,-100
City of Edinburgh,2021-06-20,3983,36,-100,-100
City of Edinburgh,2021-06-19,3947,39,-100,-100
City of Edinburgh,2021-06-18,3907,25,-100,-100
City of Edinburgh,2021-06-17,3881,34,-100,-100
City of Edinburgh,2021-06-16,3846,38,-100,-100
City of Edinburgh,2021-06-15,3808,24,-100,-100
City of Edinburgh,2021-06-14,3783,26,-100,-100
City of Edinburgh,2021-06-13,3757,28,-100,-100
City of Edinburgh,2021-06-12,3728,40,-100,-100
City of Edinburgh,2021-06-11,3688,23,-100,-100
City of Edinburgh,2021-06-10,3664,26,-100,-100
City of Edinburgh,2021-06-09,3638,31,-100,-100
City of Edinburgh,2021-06-08,3606,19,-100,-100
City of Edinburgh,2021-06-07,3587,18,-100,-100
City of Edinburgh,2021-06-06,3568,28,-100,-100
City of Edinburgh,2021-06-05,3539,24,-100,-100
City of Edinburgh,2021-06-04,3515,30,-100,-100
City of Edinburgh,2021-06-03,3484,26,-100,-100
City of Edinburgh,2021-06-02,3458,26,-100,-100
City of Edinburgh,2021-06-01,3432,16,-100,-100
City of Edinburgh,2021-05-31,3416,12,-100,-100
City of Edinburgh,2021-05-30,3403,14,-100,-100
City of Edinburgh,2021-05-29,3389,10,-100,-100
City of Edinburgh,2021-05-28,3378,19,-100,-100
City of Edinburgh,2021-05-27,3358,13,-100,-100
City of Edinburgh,2021-05-26,3344,7,-100,-100
City of Edinburgh,2021-05-25,3337,8,-100,-100
City of Edinburgh,2021-05-24,3328,4,-100,-100
City of Edinburgh,2021-05-23,3324,6,-100,-100
City of Edinburgh,2021-05-22,3318,8,-100,-100
City of Edinburgh,2021-05-21,3309,5,-100,-100
City of Edinburgh,2021-05-20,3304,6,-100,-100
City of Edinburgh,2021-05-19,3298,7,-100,-100
City of Edinburgh,2021-05-18,3291,2,-100,-100
City of Edinburgh,2021-05-17,3289,2,-100,-100
City of Edinburgh,2021-05-16,3286,6,-100,-100
City of Edinburgh,2021-05-15,3280,5,-100,-100
City of Edinburgh,2021-05-14,3275,4,-100,-100
City of Edinburgh,2021-05-13,3270,3,-100,-100
City of Edinburgh,2021-05-12,3267,3,-100,-100
City of Edinburgh,2021-05-11,3264,2,-100,-100
City of Edinburgh,2021-05-10,3261,1,-100,-100
City of Edinburgh,2021-05-09,3259,2,-100,-100
City of Edinburgh,2021-05-08,3257,3,-100,-100
City of Edinburgh,2021-05-07,3254,4,-100,-100
City of Edinburgh,2021-05-06,3249,3,-100,-100
City of Edinburgh,2021-05-05,3246,2,-100,-100
City of Edinburgh,2021-05-04,3244,4,-100,-100
City of Edinburgh,2021-05-03,3239,0,-100,-100
City of Edinburgh,2021-05-02,3239,2,-100,-100
City of Edinburgh,2021-05-01,3237,5,-100,-100
City of Edinburgh,2021-04-30,3232,6,-100,-100
City of Edinburgh,2021-04-29,3225,2,-100,-100
City of Edinburgh,2021-04-28,3222,4,-100,-100
City of Edinburgh,2021-04-27,3218,1,-100,-100
City of Edinburgh,2021-04-26,3216,6,-100,-100
City of Edinburgh,2021-04-25,3210,0,-100,-100
City of Edinburgh,2021-04-24,3210,3,-100,-100
City of Edinburgh,2021-04-23,3206,4,-100,-100
City of Edinburgh,2021-04-22,3202,4,-100,-100
City of Edinburgh,2021-04-21,3197,5,-100,-100
City of Edinburgh,2021-04-20,3192,5,-100,-100
City of Edinburgh,2021-04-19,3187,4,-100,-100
City of Edinburgh,2021-04-18,3182,2,-100,-100
City of Edinburgh,2021-04-17,3180,2,-100,-100
City of Edinburgh,2021-04-16,3177,3,-100,-100
City of Edinburgh,2021-04-15,3174,2,-100,-100
City of Edinburgh,2021-04-14,3171,2,-100,-100
City of Edinburgh,2021-04-13,3169,2,-100,-100
City of Edinburgh,2021-04-12,3167,1,-100,-100
City of Edinburgh,2021-04-11,3165,1,-100,-100
City of Edinburgh,2021-04-10,3164,2,-100,-100
City of Edinburgh,2021-04-09,3161,3,-100,-100
City of Edinburgh,2021-04-08,3157,4,-100,-100
City of Edinburgh,2021-04-07,3152,3,-100,-100
City of Edinburgh,2021-04-06,3149,18,-100,-100
City of Edinburgh,2021-04-05,3131,0,-100,-100
City of Edinburgh,2021-04-04,3131,0,-100,-100
City of Edinburgh,2021-04-03,3131,0,-100,-100
City of Edinburgh,2021-04-02,3131,0,-100,-100
City of Edinburgh,2021-04-01,3131,6,-100,-100
City of Edinburgh,2021-03-31,3125,7,-100,-100
City of Edinburgh,2021-03-30,3117,8,-100,-100
City of Edinburgh,2021-03-29,3109,4,-100,-100
City of Edinburgh,2021-03-28,3104,6,-100,-100
City of Edinburgh,2021-03-27,3098,7,-100,-100
City of Edinburgh,2021-03-26,3090,8,-100,-100
City of Edinburgh,2021-03-25,3081,0,-100,-100
City of Edinburgh,2021-03-24,3085,14,-100,-100
City of Edinburgh,2021-03-23,3071,8,-100,-100
City of Edinburgh,2021-03-22,3063,4,-100,-100
City of Edinburgh,2021-03-21,3058,6,-100,-100
City of Edinburgh,2021-03-20,3052,7,-100,-100
City of Edinburgh,2021-03-19,3045,8,-100,-100
City of Edinburgh,2021-03-18,3036,8,-100,-100
City of Edinburgh,2021-03-17,3028,7,-100,-100
City of Edinburgh,2021-03-16,3021,5,-100,-100
City of Edinburgh,2021-03-15,3016,5,-100,-100
City of Edinburgh,2021-03-14,3011,5,-100,-100
City of Edinburgh,2021-03-13,3005,6,-100,-100
City of Edinburgh,2021-03-12,2999,8,-100,-100
City of Edinburgh,2021-03-11,2991,5,-100,-100
City of Edinburgh,2021-03-10,2985,7,-100,-100
City of Edinburgh,2021-03-09,2977,6,-100,-100
City of Edinburgh,2021-03-08,2970,5,-100,-100
City of Edinburgh,2021-03-07,2965,4,-100,-100
City of Edinburgh,2021-03-06,2960,5,-100,-100
City of Edinburgh,2021-03-05,2954,5,-100,-100
City of Edinburgh,2021-03-04,2948,4,-100,-100
City of Edinburgh,2021-03-03,2944,7,-100,-100
City of Edinburgh,2021-03-02,2937,7,-100,-100
City of Edinburgh,2021-03-01,2929,5,-100,-100
City of Edinburgh,2021-02-28,2923,8,-100,-100
City of Edinburgh,2021-02-27,2914,8,-100,-100
City of Edinburgh,2021-02-26,2906,9,-100,-100
City of Edinburgh,2021-02-25,2896,10,-100,-100
City of Edinburgh,2021-02-24,2886,12,-100,-100
City of Edinburgh,2021-02-23,2874,11,-100,-100
City of Edinburgh,2021-02-22,2862,13,-100,-100
City of Edinburgh,2021-02-21,2849,13,-100,-100
City of Edinburgh,2021-02-20,2836,16,-100,-100
City of Edinburgh,2021-02-19,2819,13,-100,-100
City of Edinburgh,2021-02-18,2805,11,-100,-100
City of Edinburgh,2021-02-17,2794,16,-100,-100
City of Edinburgh,2021-02-16,2777,9,-100,-100
City of Edinburgh,2021-02-15,2768,7,-100,-100
City of Edinburgh,2021-02-14,2760,8,-100,-100
City of Edinburgh,2021-02-13,2752,11,-100,-100
City of Edinburgh,2021-02-12,2740,9,-100,-100
City of Edinburgh,2021-02-11,2731,6,-100,-100
City of Edinburgh,2021-02-10,2725,8,-100,-100
City of Edinburgh,2021-02-09,2716,7,-100,-100
City of Edinburgh,2021-02-08,2708,9,-100,-100
City of Edinburgh,2021-02-07,2699,7,-100,-100
City of Edinburgh,2021-02-06,2691,13,-100,-100
City of Edinburgh,2021-02-05,2678,9,-100,-100
City of Edinburgh,2021-02-04,2668,10,-100,-100
City of Edinburgh,2021-02-03,2657,8,-100,-100
City of Edinburgh,2021-02-02,2649,6,-100,-100
City of Edinburgh,2021-02-01,2643,9,-100,-100
City of Edinburgh,2021-01-31,2633,9,-100,-100
City of Edinburgh,2021-01-30,2624,8,-100,-100
City of Edinburgh,2021-01-29,2616,13,-100,-100
City of Edinburgh,2021-01-28,2602,12,-100,-100
City of Edinburgh,2021-01-27,2589,11,-100,-100
City of Edinburgh,2021-01-26,2578,10,-100,-100
City of Edinburgh,2021-01-25,2567,7,-100,-100
City of Edinburgh,2021-01-24,2560,10,-100,-100
City of Edinburgh,2021-01-23,2550,19,-100,-100
City of Edinburgh,2021-01-22,2530,17,-100,-100
City of Edinburgh,2021-01-21,2513,19,-100,-100
City of Edinburgh,2021-01-20,2494,14,-100,-100
City of Edinburgh,2021-01-19,2479,12,-100,-100
City of Edinburgh,2021-01-18,2467,19,-100,-100
City of Edinburgh,2021-01-17,2447,12,-100,-100
City of Edinburgh,2021-01-16,2435,21,-100,-100
City of Edinburgh,2021-01-15,2414,28,-100,-100
City of Edinburgh,2021-01-14,2385,20,-100,-100
City of Edinburgh,2021-01-13,2364,19,-100,-100
City of Edinburgh,2021-01-12,2344,24,-100,-100
City of Edinburgh,2021-01-11,2320,22,-100,-100
City of Edinburgh,2021-01-10,2298,23,-100,-100
City of Edinburgh,2021-01-09,2274,29,-100,-100
City of Edinburgh,2021-01-08,2244,29,-100,-100
City of Edinburgh,2021-01-07,2215,42,-100,-100
City of Edinburgh,2021-01-06,2173,16,-100,-100
City of Edinburgh,2021-01-05,2156,165,-100,-100
City of Edinburgh,2021-01-04,1991,0,-100,-100
City of Edinburgh,2021-01-03,1991,0,-100,-100
City of Edinburgh,2021-01-02,1991,0,-100,-100
City of Edinburgh,2021-01-01,1991,0,-100,-100
City of Edinburgh,2020-12-31,1991,47,-100,-100
City of Edinburgh,2020-12-30,1944,34,-100,-100
City of Edinburgh,2020-12-29,1909,114,-100,-100
City of Edinburgh,2020-12-28,1795,0,-100,-100
City of Edinburgh,2020-12-27,1795,0,-100,-100
City of Edinburgh,2020-12-26,1795,0,-100,-100
City of Edinburgh,2020-12-25,1795,0,-100,-100
City of Edinburgh,2020-12-24,1795,24,-100,-100
City of Edinburgh,2020-12-23,1770,20,-100,-100
City of Edinburgh,2020-12-22,1750,23,-100,-100
City of Edinburgh,2020-12-21,1727,30,-100,-100
City of Edinburgh,2020-12-20,1696,16,-100,-100
City of Edinburgh,2020-12-19,1680,12,-100,-100
City of Edinburgh,2020-12-18,1668,17,-100,-100
City of Edinburgh,2020-12-17,1650,13,-100,-100
City of Edinburgh,2020-12-16,1636,14,-100,-100
City of Edinburgh,2020-12-15,1622,16,-100,-100
City of Edinburgh,2020-12-14,1606,18,-100,-100
City of Edinburgh,2020-12-13,1588,13,-100,-100
City of Edinburgh,2020-12-12,1574,17,-100,-100
City of Edinburgh,2020-12-11,1556,18,-100,-100
City of Edinburgh,2020-12-10,1538,11,-100,-100
City of Edinburgh,2020-12-09,1526,14,-100,-100
City of Edinburgh,2020-12-08,1511,13,-100,-100
City of Edinburgh,2020-12-07,1497,11,-100,-100
City of Edinburgh,2020-12-06,1486,6,-100,-100
City of Edinburgh,2020-12-05,1479,14,-100,-100
City of Edinburgh,2020-12-04,1464,12,-100,-100
City of Edinburgh,2020-12-03,1452,13,-100,-100
City of Edinburgh,2020-12-02,1438,8,-100,-100
City of Edinburgh,2020-12-01,1429,8,-100,-100
City of Edinburgh,2020-11-30,1421,4,-100,-100
City of Edinburgh,2020-11-29,1416,8,-100,-100
City of Edinburgh,2020-11-28,1408,10,-100,-100
City of Edinburgh,2020-11-27,1398,27,-100,-100
City of Edinburgh,2020-11-26,1370,0,-100,-100
City of Edinburgh,2020-11-25,1370,10,-100,-100
City of Edinburgh,2020-11-24,1360,12,-100,-100
City of Edinburgh,2020-11-23,1348,5,-100,-100
City of Edinburgh,2020-11-22,1342,15,-100,-100
City of Edinburgh,2020-11-21,1327,15,-100,-100
City of Edinburgh,2020-11-20,1311,8,-100,-100
City of Edinburgh,2020-11-19,1303,11,-100,-100
City of Edinburgh,2020-11-18,1291,15,-100,-100
City of Edinburgh,2020-11-17,1275,13,-100,-100
City of Edinburgh,2020-11-16,1261,7,-100,-100
City of Edinburgh,2020-11-15,1253,10,-100,-100
City of Edinburgh,2020-11-14,1243,11,-100,-100
City of Edinburgh,2020-11-13,1231,17,-100,-100
City of Edinburgh,2020-11-12,1214,15,-100,-100
City of Edinburgh,2020-11-11,1198,11,-100,-100
City of Edinburgh,2020-11-10,1186,11,-100,-100
City of Edinburgh,2020-11-09,1175,11,-100,-100
City of Edinburgh,2020-11-08,1164,12,-100,-100
City of Edinburgh,2020-11-07,1151,14,-100,-100
City of Edinburgh,2020-11-06,1137,10,-100,-100
City of Edinburgh,2020-11-05,1126,12,-100,-100
City of Edinburgh,2020-11-04,1114,11,-100,-100
City of Edinburgh,2020-11-03,1102,12,-100,-100
City of Edinburgh,2020-11-02,1090,6,-100,-100
City of Edinburgh,2020-11-01,1083,11,-100,-100
City of Edinburgh,2020-10-31,1071,8,-100,-100
City of Edinburgh,2020-10-30,1063,16,-100,-100
City of Edinburgh,2020-10-29,1046,13,-100,-100
City of Edinburgh,2020-10-28,1032,14,-100,-100
City of Edinburgh,2020-10-27,1018,15,-100,-100
City of Edinburgh,2020-10-26,1002,9,-100,-100
City of Edinburgh,2020-10-25,993,14,-100,-100
City of Edinburgh,2020-10-24,978,14,-100,-100
City of Edinburgh,2020-10-23,964,10,-100,-100
City of Edinburgh,2020-10-22,953,14,-100,-100
City of Edinburgh,2020-10-21,938,21,-100,-100
City of Edinburgh,2020-10-20,917,16,-100,-100
City of Edinburgh,2020-10-19,901,11,-100,-100
City of Edinburgh,2020-10-18,889,3,-100,-100
City of Edinburgh,2020-10-17,886,12,-100,-100
City of Edinburgh,2020-10-16,874,17,-100,-100
City of Edinburgh,2020-10-15,856,16,-100,-100
City of Edinburgh,2020-10-14,840,27,-100,-100
City of Edinburgh,2020-10-13,812,22,-100,-100
City of Edinburgh,2020-10-12,789,15,-100,-100
City of Edinburgh,2020-10-11,774,18,-100,-100
City of Edinburgh,2020-10-10,756,18,-100,-100
City of Edinburgh,2020-10-09,737,23,-100,-100
City of Edinburgh,2020-10-08,714,21,-100,-100
City of Edinburgh,2020-10-07,692,21,-100,-100
City of Edinburgh,2020-10-06,671,22,-100,-100
City of Edinburgh,2020-10-05,648,19,-100,-100
City of Edinburgh,2020-10-04,629,25,-100,-100
City of Edinburgh,2020-10-03,603,17,-100,-100
City of Edinburgh,2020-10-02,585,24,-100,-100
City of Edinburgh,2020-10-01,561,20,-100,-100
City of Edinburgh,2020-09-30,541,21,-100,-100
City of Edinburgh,2020-09-29,519,27,-100,-100
City of Edinburgh,2020-09-28,492,7,-100,-100
City of Edinburgh,2020-09-27,484,5,-100,-100
City of Edinburgh,2020-09-26,478,15,-100,-100
City of Edinburgh,2020-09-25,463,13,-100,-100
City of Edinburgh,2020-09-24,450,7,-100,-100
City of Edinburgh,2020-09-23,442,6,-100,-100
City of Edinburgh,2020-09-22,435,6,-100,-100
City of Edinburgh,2020-09-21,429,3,-100,-100
City of Edinburgh,2020-09-20,426,7,-100,-100
City of Edinburgh,2020-09-19,418,11,-100,-100
City of Edinburgh,2020-09-18,407,3,-100,-100
City of Edinburgh,2020-09-17,403,4,-100,-100
City of Edinburgh,2020-09-16,399,3,-100,-100
City of Edinburgh,2020-09-15,395,5,-100,-100
City of Edinburgh,2020-09-14,389,0,-100,-100
City of Edinburgh,2020-09-13,389,2,-100,-100
City of Edinburgh,2020-09-12,387,2,-100,-100
City of Edinburgh,2020-09-11,384,3,-100,-100
City of Edinburgh,2020-09-10,380,1,-100,-100
City of Edinburgh,2020-09-09,378,3,-100,-100
City of Edinburgh,2020-09-08,375,1,-100,-100
City of Edinburgh,2020-09-07,373,1,-100,-100
City of Edinburgh,2020-09-06,372,1,-100,-100
City of Edinburgh,2020-09-05,370,1,-100,-100
City of Edinburgh,2020-09-04,368,1,-100,-100
City of Edinburgh,2020-09-03,366,0,-100,-100
City of Edinburgh,2020-09-02,366,2,-100,-100
City of Edinburgh,2020-09-01,364,2,-100,-100
City of Edinburgh,2020-08-31,361,1,-100,-100
City of Edinburgh,2020-08-30,359,1,-100,-100
City of Edinburgh,2020-08-29,358,0,-100,-100
City of Edinburgh,2020-08-28,357,0,-100,-100
City of Edinburgh,2020-08-27,356,0,-100,-100
City of Edinburgh,2020-08-26,356,1,-100,-100
City of Edinburgh,2020-08-25,355,1,-100,-100
City of Edinburgh,2020-08-24,354,0,-100,-100
City of Edinburgh,2020-08-23,353,1,-100,-100
City of Edinburgh,2020-08-22,352,0,-100,-100
City of Edinburgh,2020-08-21,351,0,-100,-100
City of Edinburgh,2020-08-20,351,0,-100,-100
City of Edinburgh,2020-08-19,351,0,-100,-100
City of Edinburgh,2020-08-18,350,0,-100,-100
City of Edinburgh,2020-08-17,350,0,-100,-100
City of Edinburgh,2020-08-16,350,0,-100,-100
City of Edinburgh,2020-08-15,349,0,-100,-100
City of Edinburgh,2020-08-14,349,0,-100,-100
City of Edinburgh,2020-08-13,348,0,-100,-100
City of Edinburgh,2020-08-12,348,0,-100,-100
City of Edinburgh,2020-08-11,347,0,-100,-100
City of Edinburgh,2020-08-10,347,0,-100,-100
City of Edinburgh,2020-08-09,347,0,-100,-100
City of Edinburgh,2020-08-08,346,0,-100,-100
City of Edinburgh,2020-08-07,346,0,-100,-100
City of Edinburgh,2020-08-06,346,0,-100,-100
City of Edinburgh,2020-08-05,346,0,-100,-100
City of Edinburgh,2020-08-04,345,0,-100,-100
City of Edinburgh,2020-08-03,346,0,-100,-100
City of Edinburgh,2020-08-02,345,0,-100,-100
City of Edinburgh,2020-08-01,345,0,-100,-100
City of Edinburgh,2020-07-31,344,0,-100,-100
City of Edinburgh,2020-07-30,343,-100,-100,-100
